{
	"materials": [],
	"meshes": [
		{
			"name": "Coll15",
			"id": "91ee4ee5-9c6a-4c7c-818c-41a0ef391eb4",
			"uniqueId": 46,
			"type": "Mesh",
			"position": [
				-3.33562,
				6.58551168,
				-0.60835433
			],
			"rotation": [
				0,
				0,
				0
			],
			"scaling": [
				1,
				1,
				1
			],
			"localMatrix": {
				"0": 1,
				"1": 0,
				"2": 0,
				"3": 0,
				"4": 0,
				"5": 5.364418029785156e-7,
				"6": 0.9999998807907104,
				"7": 0,
				"8": 0,
				"9": -0.9999998807907104,
				"10": 5.364418029785156e-7,
				"11": 0,
				"12": 0,
				"13": 0,
				"14": 0,
				"15": 1
			},
			"isEnabled": true,
			"isVisible": false,
			"pickable": true,
			"receiveShadows": true,
			"billboardMode": 0,
			"visibility": 1,
			"checkCollisions": true,
			"isBlocker": false,
			"parentId": "59185c1e-ff2d-48af-ac4e-32e5e1de9d0a",
			"isUnIndexed": false,
			"geometryId": "016d3faf-a8ab-4abd-9f8e-b75a2b3ca25c",
			"subMeshes": null,
			"materialId": "6e9a0be4-1188-425b-9cf3-65e3e7000059",
			"metadata": {
				"basePoseMatrix": {
					"0": 1,
					"1": 0,
					"2": 0,
					"3": 0,
					"4": 0,
					"5": 5.364419166653533e-7,
					"6": -1.0000001192092896,
					"7": 0,
					"8": 0,
					"9": 1.0000001192092896,
					"10": 5.364419166653533e-7,
					"11": 0,
					"12": 3.3356199264526367,
					"13": 0.6083508729934692,
					"14": 6.585512638092041,
					"15": 1
				},
				"originalSourceFile": {
					"id": "8b118745-ed74-4e54-93e5-f881949a6e5e",
					"name": "Coll15",
					"sceneFileName": "espilit.babylon"
				},
				"isPickable": true
			},
			"instances": [],
			"animations": [],
			"ranges": [],
			"layerMask": 268435455,
			"alphaIndex": 1.7976931348623157e+308,
			"overlayAlpha": 0.5,
			"overlayColor": [
				1,
				0,
				0
			],
			"applyFog": true,
			"delayLoadingFile": "geometries/016d3faf-a8ab-4abd-9f8e-b75a2b3ca25c.babylonbinarymeshdata",
			"boundingBoxMaximum": [
				14.107136726379395,
				0.16194723546504974,
				15.07369327545166
			],
			"boundingBoxMinimum": [
				5.8433403968811035,
				-1.1952515840530396,
				-15.073691368103027
			],
			"_binaryInfo": {
				"positionsAttrDesc": {
					"count": 24,
					"stride": 3,
					"offset": 0,
					"dataType": 1
				},
				"normalsAttrDesc": {
					"count": 24,
					"stride": 3,
					"offset": 96,
					"dataType": 1
				},
				"uvsAttrDesc": {
					"count": 16,
					"stride": 2,
					"offset": 192,
					"dataType": 1
				},
				"indicesAttrDesc": {
					"count": 36,
					"stride": 1,
					"offset": 256,
					"dataType": 0
				},
				"subMeshesAttrDesc": {
					"count": 1,
					"stride": 5,
					"offset": 400,
					"dataType": 0
				}
			},
			"positions": null,
			"normals": null,
			"uvs": null,
			"hasUVs": true,
			"indices": null
		}
	],
	"multiMaterials": [],
	"lods": []
}