{
	"materials": [],
	"meshes": [
		{
			"name": "Coll06",
			"id": "331f8075-cd4d-453a-b3e8-134891276ff0",
			"uniqueId": 18,
			"type": "Mesh",
			"position": [
				-13.2352247,
				6.58551168,
				2.776245
			],
			"rotation": [
				0,
				0,
				0
			],
			"scaling": [
				1,
				1,
				1
			],
			"localMatrix": {
				"0": 0,
				"1": 0,
				"2": 1,
				"3": 0,
				"4": -1,
				"5": 0,
				"6": 0,
				"7": 0,
				"8": 0,
				"9": -1,
				"10": 0,
				"11": 0,
				"12": 0,
				"13": 0,
				"14": 0,
				"15": 1
			},
			"isEnabled": true,
			"isVisible": false,
			"pickable": true,
			"receiveShadows": true,
			"billboardMode": 0,
			"visibility": 1,
			"checkCollisions": true,
			"isBlocker": false,
			"parentId": "59185c1e-ff2d-48af-ac4e-32e5e1de9d0a",
			"isUnIndexed": false,
			"geometryId": "b1155505-99bc-489e-8dc6-e8d057e21403",
			"subMeshes": null,
			"materialId": "6e9a0be4-1188-425b-9cf3-65e3e7000059",
			"metadata": {
				"basePoseMatrix": {
					"0": 0,
					"1": -1,
					"2": 0,
					"3": 0,
					"4": 0,
					"5": 0,
					"6": -1,
					"7": 0,
					"8": 1,
					"9": 0,
					"10": 0,
					"11": 0,
					"12": -2.7762451171875,
					"13": -13.235224723815918,
					"14": 6.585511684417725,
					"15": 1
				},
				"originalSourceFile": {
					"id": "3e7edda6-0740-447f-8bba-9f89f76d9958",
					"name": "Coll06",
					"sceneFileName": "espilit.babylon"
				},
				"isPickable": true
			},
			"instances": [],
			"animations": [],
			"ranges": [],
			"layerMask": 268435455,
			"alphaIndex": 1.7976931348623157e+308,
			"overlayAlpha": 0.5,
			"overlayColor": [
				1,
				0,
				0
			],
			"applyFog": true,
			"delayLoadingFile": "geometries/b1155505-99bc-489e-8dc6-e8d057e21403.babylonbinarymeshdata",
			"boundingBoxMaximum": [
				20.64081382751465,
				1.3210123777389526,
				15.073692321777344
			],
			"boundingBoxMinimum": [
				-20.64081382751465,
				-1.3210123777389526,
				-15.073692321777344
			],
			"_binaryInfo": {
				"positionsAttrDesc": {
					"count": 24,
					"stride": 3,
					"offset": 0,
					"dataType": 1
				},
				"normalsAttrDesc": {
					"count": 24,
					"stride": 3,
					"offset": 96,
					"dataType": 1
				},
				"uvsAttrDesc": {
					"count": 16,
					"stride": 2,
					"offset": 192,
					"dataType": 1
				},
				"indicesAttrDesc": {
					"count": 36,
					"stride": 1,
					"offset": 256,
					"dataType": 0
				},
				"subMeshesAttrDesc": {
					"count": 1,
					"stride": 5,
					"offset": 400,
					"dataType": 0
				}
			},
			"positions": null,
			"normals": null,
			"uvs": null,
			"hasUVs": true,
			"indices": null
		}
	],
	"multiMaterials": [],
	"lods": []
}