{
	"materials": [],
	"meshes": [
		{
			"name": "Coll34",
			"id": "055c99b2-53e0-4ac6-b7c9-159a8b17f402",
			"uniqueId": 69,
			"type": "Mesh",
			"position": [
				14.1422825,
				9.294889,
				4.53580475
			],
			"rotation": [
				0,
				0,
				0
			],
			"scaling": [
				1,
				1,
				1
			],
			"localMatrix": {
				"0": -0.9999997615814209,
				"1": 3.684594591105627e-15,
				"2": -8.742277657347586e-8,
				"3": 0,
				"4": 8.742277657347586e-8,
				"5": 2.028159258316009e-7,
				"6": -0.9999998807907104,
				"7": 0,
				"8": 3.6405310901565114e-15,
				"9": -0.9999998807907104,
				"10": 5.9604641222676946e-8,
				"11": 0,
				"12": 0,
				"13": 0,
				"14": 0,
				"15": 1
			},
			"isEnabled": true,
			"isVisible": false,
			"pickable": true,
			"receiveShadows": true,
			"billboardMode": 0,
			"visibility": 1,
			"checkCollisions": true,
			"isBlocker": false,
			"parentId": "59185c1e-ff2d-48af-ac4e-32e5e1de9d0a",
			"isUnIndexed": false,
			"geometryId": "c755ae60-331a-4654-88a4-09e6efa8c750",
			"subMeshes": null,
			"materialId": "6e9a0be4-1188-425b-9cf3-65e3e7000059",
			"metadata": {
				"basePoseMatrix": {
					"0": -1.000000238418579,
					"1": 8.742280499518529e-8,
					"2": 1.4046144076410721e-14,
					"3": 0,
					"4": -8.851338444745144e-15,
					"5": -5.960465898624534e-8,
					"6": -1.0000001192092896,
					"7": 0,
					"8": -8.742280499518529e-8,
					"9": -1.0000001192092896,
					"10": -2.0281596846416505e-7,
					"11": 0,
					"12": 14.14228630065918,
					"13": 4.535804748535156,
					"14": 9.294891357421875,
					"15": 1
				},
				"originalSourceFile": {
					"id": "a7775256-5583-4f77-8f03-ed7226eec43e",
					"name": "Coll34",
					"sceneFileName": "espilit.babylon"
				},
				"isPickable": true
			},
			"instances": [],
			"animations": [],
			"ranges": [],
			"layerMask": 268435455,
			"alphaIndex": 1.7976931348623157e+308,
			"overlayAlpha": 0.5,
			"overlayColor": [
				1,
				0,
				0
			],
			"applyFog": true,
			"delayLoadingFile": "geometries/c755ae60-331a-4654-88a4-09e6efa8c750.babylonbinarymeshdata",
			"boundingBoxMaximum": [
				4.7937541007995605,
				0.8095826506614685,
				6.469404697418213
			],
			"boundingBoxMinimum": [
				3.069669485092163,
				-4.771172523498535,
				0.9064750075340271
			],
			"_binaryInfo": {
				"positionsAttrDesc": {
					"count": 24,
					"stride": 3,
					"offset": 0,
					"dataType": 1
				},
				"normalsAttrDesc": {
					"count": 24,
					"stride": 3,
					"offset": 96,
					"dataType": 1
				},
				"uvsAttrDesc": {
					"count": 16,
					"stride": 2,
					"offset": 192,
					"dataType": 1
				},
				"indicesAttrDesc": {
					"count": 36,
					"stride": 1,
					"offset": 256,
					"dataType": 0
				},
				"subMeshesAttrDesc": {
					"count": 1,
					"stride": 5,
					"offset": 400,
					"dataType": 0
				}
			},
			"positions": null,
			"normals": null,
			"uvs": null,
			"hasUVs": true,
			"indices": null
		}
	],
	"multiMaterials": [],
	"lods": []
}