{
	"materials": [],
	"meshes": [
		{
			"name": "Coll33",
			"id": "1bbc4411-486f-48c9-9b9f-24b9e9ec0306",
			"uniqueId": 60,
			"type": "Mesh",
			"position": [
				4.93593073,
				9.294889,
				4.6376543
			],
			"rotation": [
				0,
				0,
				0
			],
			"scaling": [
				1,
				1,
				1
			],
			"localMatrix": {
				"0": 0,
				"1": 0,
				"2": 1,
				"3": 0,
				"4": -1,
				"5": 0,
				"6": 0,
				"7": 0,
				"8": 0,
				"9": -1,
				"10": 0,
				"11": 0,
				"12": 0,
				"13": 0,
				"14": 0,
				"15": 1
			},
			"isEnabled": true,
			"isVisible": false,
			"pickable": true,
			"receiveShadows": true,
			"billboardMode": 0,
			"visibility": 1,
			"checkCollisions": true,
			"isBlocker": false,
			"parentId": "59185c1e-ff2d-48af-ac4e-32e5e1de9d0a",
			"isUnIndexed": false,
			"geometryId": "e00391c5-936d-490d-8cfd-67bbde213008",
			"subMeshes": null,
			"materialId": "6e9a0be4-1188-425b-9cf3-65e3e7000059",
			"metadata": {
				"basePoseMatrix": {
					"0": 0,
					"1": -1,
					"2": 0,
					"3": 0,
					"4": 0,
					"5": 0,
					"6": -1,
					"7": 0,
					"8": 1,
					"9": 0,
					"10": 0,
					"11": 0,
					"12": -4.6376543045043945,
					"13": 4.9359307289123535,
					"14": 9.294889450073242,
					"15": 1
				},
				"originalSourceFile": {
					"id": "fbcd8d1e-d60a-4f18-ad1c-8d3730e5c87c",
					"name": "Coll33",
					"sceneFileName": "espilit.babylon"
				},
				"isPickable": true
			},
			"instances": [],
			"animations": [],
			"ranges": [],
			"layerMask": 268435455,
			"alphaIndex": 1.7976931348623157e+308,
			"overlayAlpha": 0.5,
			"overlayColor": [
				1,
				0,
				0
			],
			"applyFog": true,
			"delayLoadingFile": "geometries/e00391c5-936d-490d-8cfd-67bbde213008.babylonbinarymeshdata",
			"boundingBoxMaximum": [
				4.7937541007995605,
				0.8095826506614685,
				6.469404697418213
			],
			"boundingBoxMinimum": [
				4.359837055206299,
				-4.771172523498535,
				0.9064750075340271
			],
			"_binaryInfo": {
				"positionsAttrDesc": {
					"count": 24,
					"stride": 3,
					"offset": 0,
					"dataType": 1
				},
				"normalsAttrDesc": {
					"count": 24,
					"stride": 3,
					"offset": 96,
					"dataType": 1
				},
				"uvsAttrDesc": {
					"count": 16,
					"stride": 2,
					"offset": 192,
					"dataType": 1
				},
				"indicesAttrDesc": {
					"count": 36,
					"stride": 1,
					"offset": 256,
					"dataType": 0
				},
				"subMeshesAttrDesc": {
					"count": 1,
					"stride": 5,
					"offset": 400,
					"dataType": 0
				}
			},
			"positions": null,
			"normals": null,
			"uvs": null,
			"hasUVs": true,
			"indices": null
		}
	],
	"multiMaterials": [],
	"lods": []
}