{
	"materials": [],
	"meshes": [
		{
			"name": "Divers meubles chrome",
			"id": "54f39b29-da22-491d-b02d-c11e2ac94efc",
			"uniqueId": 120,
			"type": "Mesh",
			"position": [
				4.81094456,
				0.883226037,
				2.15660071
			],
			"rotation": [
				0,
				0,
				0
			],
			"scaling": [
				1,
				1,
				1
			],
			"localMatrix": {
				"0": 1,
				"1": 0,
				"2": 0,
				"3": 0,
				"4": 0,
				"5": 1,
				"6": 0,
				"7": 0,
				"8": 0,
				"9": 0,
				"10": 1,
				"11": 0,
				"12": 0,
				"13": 0,
				"14": 0,
				"15": 1
			},
			"isEnabled": true,
			"isVisible": true,
			"pickable": true,
			"receiveShadows": false,
			"billboardMode": 0,
			"visibility": 1,
			"checkCollisions": false,
			"isBlocker": false,
			"parentId": "59185c1e-ff2d-48af-ac4e-32e5e1de9d0a",
			"isUnIndexed": false,
			"geometryId": "b9af1fb7-161d-49aa-aa1e-971b59b3148e",
			"subMeshes": null,
			"materialId": "7243d986-5480-496e-835f-a6b8d46e42b9",
			"metadata": {
				"basePoseMatrix": {
					"0": 1,
					"1": 0,
					"2": 0,
					"3": 0,
					"4": 0,
					"5": 1,
					"6": 0,
					"7": 0,
					"8": 0,
					"9": 0,
					"10": 1,
					"11": 0,
					"12": -4.810944557189941,
					"13": -0.8832260370254517,
					"14": -2.1566007137298584,
					"15": 1
				},
				"originalSourceFile": {
					"id": "bd11ccc5-753e-4b56-ad9b-db67dc538092",
					"name": "Divers meubles chrome",
					"sceneFileName": "espilit.babylon"
				},
				"isPickable": true
			},
			"instances": [],
			"animations": [],
			"ranges": [],
			"layerMask": 268435455,
			"alphaIndex": 1.7976931348623157e+308,
			"overlayAlpha": 0.3,
			"overlayColor": [
				1,
				0,
				0
			],
			"applyFog": true,
			"delayLoadingFile": "geometries/b9af1fb7-161d-49aa-aa1e-971b59b3148e.babylonbinarymeshdata",
			"boundingBoxMaximum": [
				-12.764535903930664,
				1.412530541419983,
				7.0271806716918945
			],
			"boundingBoxMinimum": [
				-16.38844108581543,
				-0.8779186010360718,
				-5.576056957244873
			],
			"_binaryInfo": {
				"positionsAttrDesc": {
					"count": 6489,
					"stride": 3,
					"offset": 0,
					"dataType": 1
				},
				"normalsAttrDesc": {
					"count": 6489,
					"stride": 3,
					"offset": 25956,
					"dataType": 1
				},
				"uvsAttrDesc": {
					"count": 4326,
					"stride": 2,
					"offset": 51912,
					"dataType": 1
				},
				"uvs2AttrDesc": {
					"count": 4326,
					"stride": 2,
					"offset": 69216,
					"dataType": 1
				},
				"indicesAttrDesc": {
					"count": 5748,
					"stride": 1,
					"offset": 86520,
					"dataType": 0
				},
				"subMeshesAttrDesc": {
					"count": 1,
					"stride": 5,
					"offset": 109512,
					"dataType": 0
				}
			},
			"positions": null,
			"normals": null,
			"uvs": null,
			"hasUVs": true,
			"uv2s": null,
			"hasUVs2": true,
			"indices": null
		}
	],
	"multiMaterials": [],
	"lods": []
}