{
	"materials": [],
	"meshes": [
		{
			"name": "Divers meubles",
			"id": "56db7cb1-7a28-4b31-9f28-1e3204428e9e",
			"uniqueId": 29,
			"type": "Mesh",
			"position": [
				4.81094456,
				0.883226037,
				2.15660071
			],
			"rotation": [
				0,
				0,
				0
			],
			"scaling": [
				1,
				1,
				1
			],
			"localMatrix": {
				"0": 1,
				"1": 0,
				"2": 0,
				"3": 0,
				"4": 0,
				"5": 1,
				"6": 0,
				"7": 0,
				"8": 0,
				"9": 0,
				"10": 1,
				"11": 0,
				"12": 0,
				"13": 0,
				"14": 0,
				"15": 1
			},
			"isEnabled": true,
			"isVisible": true,
			"infiniteDistance": false,
			"pickable": true,
			"receiveShadows": false,
			"billboardMode": 0,
			"visibility": 1,
			"checkCollisions": false,
			"isBlocker": false,
			"parentId": "59185c1e-ff2d-48af-ac4e-32e5e1de9d0a",
			"isUnIndexed": false,
			"geometryId": "92290092-9de2-484e-ba20-209968a098d7",
			"subMeshes": null,
			"materialId": "ed60739e-4976-44ea-8fb8-e6cccc71f01f",
			"metadata": {
				"basePoseMatrix": {
					"0": 1,
					"1": 0,
					"2": 0,
					"3": 0,
					"4": 0,
					"5": 1,
					"6": 0,
					"7": 0,
					"8": 0,
					"9": 0,
					"10": 1,
					"11": 0,
					"12": -4.810944557189941,
					"13": -0.8832260370254517,
					"14": -2.1566007137298584,
					"15": 1
				},
				"originalSourceFile": {
					"id": "6b4abfaa-1585-417e-bdd8-05d917f33741",
					"name": "Divers meubles",
					"sceneFileName": "espilit.babylon"
				},
				"isPickable": true,
				"script": {
					"name": "None"
				},
				"renderingGroupId": 0
			},
			"instances": [],
			"animations": [],
			"ranges": [],
			"layerMask": 268435455,
			"alphaIndex": 1.7976931348623157e+308,
			"overlayAlpha": 0.5,
			"overlayColor": [
				1,
				0,
				0
			],
			"applyFog": true,
			"delayLoadingFile": "geometries/92290092-9de2-484e-ba20-209968a098d7.babylonbinarymeshdata",
			"boundingBoxMaximum": [
				-12.794503211975098,
				1.4363999366760254,
				6.938539028167725
			],
			"boundingBoxMinimum": [
				-14.116724014282227,
				-0.8788187503814697,
				-3.0492782592773438
			],
			"_binaryInfo": {
				"positionsAttrDesc": {
					"count": 3774,
					"stride": 3,
					"offset": 0,
					"dataType": 1
				},
				"normalsAttrDesc": {
					"count": 3774,
					"stride": 3,
					"offset": 15096,
					"dataType": 1
				},
				"uvsAttrDesc": {
					"count": 2516,
					"stride": 2,
					"offset": 30192,
					"dataType": 1
				},
				"uvs2AttrDesc": {
					"count": 2516,
					"stride": 2,
					"offset": 40256,
					"dataType": 1
				},
				"indicesAttrDesc": {
					"count": 2796,
					"stride": 1,
					"offset": 50320,
					"dataType": 0
				},
				"subMeshesAttrDesc": {
					"count": 1,
					"stride": 5,
					"offset": 61504,
					"dataType": 0
				}
			},
			"positions": null,
			"normals": null,
			"uvs": null,
			"hasUVs": true,
			"uv2s": null,
			"hasUVs2": true,
			"indices": null
		}
	],
	"multiMaterials": [],
	"lods": []
}