{
	"materials": [],
	"meshes": [
		{
			"name": "Panneau1",
			"id": "e93039bb-ef2f-46c9-85fd-2b41764e9f3e",
			"uniqueId": 8,
			"type": "Mesh",
			"position": [
				4.81094456,
				0.883226037,
				2.15660071
			],
			"rotation": [
				0,
				0,
				0
			],
			"scaling": [
				1,
				1,
				1
			],
			"localMatrix": {
				"0": 1,
				"1": 0,
				"2": 0,
				"3": 0,
				"4": 0,
				"5": 1,
				"6": 0,
				"7": 0,
				"8": 0,
				"9": 0,
				"10": 1,
				"11": 0,
				"12": 0,
				"13": 0,
				"14": 0,
				"15": 1
			},
			"isEnabled": true,
			"isVisible": true,
			"infiniteDistance": false,
			"pickable": true,
			"receiveShadows": false,
			"billboardMode": 0,
			"visibility": 1,
			"checkCollisions": false,
			"isBlocker": false,
			"parentId": "59185c1e-ff2d-48af-ac4e-32e5e1de9d0a",
			"isUnIndexed": false,
			"geometryId": "7f007648-39b7-4c50-842a-7f2447b04e7d",
			"subMeshes": null,
			"materialId": "2d9b6356-0ff2-4823-a6bd-f37cf594995f",
			"metadata": {
				"basePoseMatrix": {
					"0": 1,
					"1": 0,
					"2": 0,
					"3": 0,
					"4": 0,
					"5": 1,
					"6": 0,
					"7": 0,
					"8": 0,
					"9": 0,
					"10": 1,
					"11": 0,
					"12": -4.810944557189941,
					"13": -0.8832260370254517,
					"14": -2.1566007137298584,
					"15": 1
				},
				"originalSourceFile": {
					"id": "f64b9ae0-b04e-4f4e-b199-58ebd7997f57",
					"name": "Panneau1",
					"sceneFileName": "espilit.babylon"
				},
				"isPickable": true,
				"script": {
					"name": "None"
				},
				"renderingGroupId": 0
			},
			"instances": [],
			"animations": [],
			"ranges": [],
			"layerMask": 268435455,
			"alphaIndex": 1.7976931348623157e+308,
			"overlayAlpha": 0.3,
			"overlayColor": [
				1,
				0,
				0
			],
			"applyFog": true,
			"delayLoadingFile": "geometries/7f007648-39b7-4c50-842a-7f2447b04e7d.babylonbinarymeshdata",
			"boundingBoxMaximum": [
				-12.797548294067383,
				1.4363999366760254,
				6.93419075012207
			],
			"boundingBoxMinimum": [
				-13.787588119506836,
				-0.2413664311170578,
				6.116560459136963
			],
			"_binaryInfo": {
				"positionsAttrDesc": {
					"count": 42,
					"stride": 3,
					"offset": 0,
					"dataType": 1
				},
				"normalsAttrDesc": {
					"count": 42,
					"stride": 3,
					"offset": 168,
					"dataType": 1
				},
				"uvsAttrDesc": {
					"count": 28,
					"stride": 2,
					"offset": 336,
					"dataType": 1
				},
				"uvs2AttrDesc": {
					"count": 28,
					"stride": 2,
					"offset": 448,
					"dataType": 1
				},
				"indicesAttrDesc": {
					"count": 36,
					"stride": 1,
					"offset": 560,
					"dataType": 0
				},
				"subMeshesAttrDesc": {
					"count": 1,
					"stride": 5,
					"offset": 704,
					"dataType": 0
				}
			},
			"positions": null,
			"normals": null,
			"uvs": null,
			"hasUVs": true,
			"uv2s": null,
			"hasUVs2": true,
			"indices": null
		}
	],
	"multiMaterials": [],
	"lods": []
}